DROP MATERIALIZED VIEW IF EXISTS classificaLibriCartacei;

CREATE MATERIALIZED VIEW classificaLibriCartacei AS
SELECT CodiceLibroCartaceo, COUNT(*) AS NumPrenotazioni
FROM PRENOTAZIONE
GROUP BY CodiceLibroCartaceo
ORDER BY NumPrenotazioni DESC;

REFRESH MATERIALIZED VIEW classificaLibriCartacei;
SELECT * FROM classificaLibriCartacei;
-- SELECT * FROM LIBRO;
-- SELECT * FROM LIBROCARTACEO;
-- SELECT * FROM PRENOTAZIONE;
-- SELECT * FROM UTILIZZATORE;
-- SELECT * FROM UTENTE;

-- INSERT INTO LIBROCARTACEO VALUES ('A000000001', 'DISPONIBILE', 'OTTIMO', 123, 1);
-- INSERT INTO LIBROCARTACEO VALUES ('A000000002', 'PRENOTATO', 'OTTIMO', 111, 22);
-- INSERT INTO UTILIZZATORE VALUES ('utente1@g.com', 'Studente', '2000/02/02', 'ATTIVO');
-- INSERT INTO UTILIZZATORE VALUES ('utente2@g.com', 'Docente', '2000/02/02', 'ATTIVO');

-- INSERT INTO PRENOTAZIONE VALUES ('A123', '2021/06/10', '2021/06/25', 'utente1@g.com', 'A000000001');
-- INSERT INTO PRENOTAZIONE VALUES ('A124', '2021/06/11', '2021/06/26', 'utente2@g.com', 'A000000001');
-- INSERT INTO PRENOTAZIONE VALUES ('A125', '2021/06/10', '2021/06/25', 'utente1@g.com', 'A000000001');

-- INSERT INTO PRENOTAZIONE VALUES ('A126', '2021/06/11', '2021/06/26', 'utente2@g.com', 'A000000002');
-- INSERT INTO PRENOTAZIONE VALUES ('A127', '2021/06/10', '2021/06/25', 'utente1@g.com', 'A000000002');

DROP TRIGGER IF EXISTS incrementaAccessi ON VISITA;
DROP FUNCTION IF EXISTS incrementaEbook;

CREATE OR REPLACE FUNCTION incrementaEbook ()
    RETURNS TRIGGER
    AS $$
    BEGIN
        UPDATE EBOOK SET NumAccessiScheda = NumAccessiScheda + 1
        WHERE (CodiceEbook = NEW.CodiceEbook);
        RETURN NEW;
    END; $$
LANGUAGE 'plpgsql';

CREATE TRIGGER incrementaAccessi AFTER INSERT ON VISITA
FOR EACH ROW EXECUTE PROCEDURE incrementaEbook();


DROP MATERIALIZED VIEW IF EXISTS classificaEbookAcceduti;

CREATE MATERIALIZED VIEW classificaEbookAcceduti (CodiceE, Accessi) AS
SELECT CodiceEbook, NumAccessiScheda
FROM EBOOK
ORDER BY NumAccessiScheda DESC;

REFRESH MATERIALIZED VIEW classificaEbookAcceduti;
SELECT * FROM classificaEbookAcceduti;

INSERT INTO VISITA VALUES ('AAA', 'utente1@g.com', 'A000000001');
INSERT INTO VISITA VALUES ('BBB', 'utente1@g.com', 'A000000002');
-- DELETE FROM VISITA
-- UPDATE EBOOK SET NumAccessiScheda = 0